{
  "baseline": {
    "standard": {
      "n": 1000,
      "avg": -0.04512768599359427,
      "std": 0.051314325813133,
      "min": -0.1788721815940249,
      "max": 0.1174151826370795,
      "p5": -0.12623341614051134,
      "p25": -0.08282816309863228,
      "p50": -0.045612018531139074,
      "p75": -0.011510718860391171,
      "p95": 0.041131699431273046,
      "wins": 194,
      "winRate": 19.400000000000002,
      "maxLoss": -0.1788721815940249,
      "sharpe": -0.8794364006248843
    }
  },
  "pmamm": {
    "standard": {
      "n": 1000,
      "avg": -0.04457118535870121,
      "std": 0.05294488233867573,
      "min": -0.2017192977077133,
      "max": 0.12934655556996713,
      "p5": -0.12590164981738508,
      "p25": -0.08028807542926425,
      "p50": -0.04684537845747909,
      "p75": -0.009983628912752101,
      "p95": 0.04936537264975323,
      "wins": 191,
      "winRate": 19.1,
      "maxLoss": -0.2017192977077133,
      "sharpe": -0.8418412392266736
    }
  },
  "dynamicL": {
    "standard": {
      "n": 1000,
      "avg": 0.058128690989693615,
      "std": 0.04747018691353297,
      "min": -0.08537927893129309,
      "max": 0.23157519045961034,
      "p5": -0.012632778483351285,
      "p25": 0.022065503333013475,
      "p50": 0.05484554531454614,
      "p75": 0.0894905836771046,
      "p95": 0.1371556250924563,
      "wins": 900,
      "winRate": 90,
      "maxLoss": -0.08537927893129309,
      "sharpe": 1.2245304846929532
    }
  },
  "expFees": {
    "standard": {
      "n": 1000,
      "avg": -0.018117224287838157,
      "std": 0.04918956731821905,
      "min": -0.16383028049701714,
      "max": 0.1685426120053442,
      "p5": -0.09410872566447924,
      "p25": -0.05315366852342595,
      "p50": -0.0207425618980782,
      "p75": 0.01386633755801704,
      "p95": 0.06283090480809606,
      "wins": 341,
      "winRate": 34.1,
      "maxLoss": -0.16383028049701714,
      "sharpe": -0.3683143657400666
    }
  },
  "combined": {
    "standard": {
      "n": 1000,
      "avg": 0.07619092357807218,
      "std": 0.04654650349893739,
      "min": -0.06382475887667698,
      "max": 0.23501088497273995,
      "p5": 0.0007777806020552817,
      "p25": 0.04515469642353401,
      "p50": 0.07465676800161418,
      "p75": 0.10511068384522278,
      "p95": 0.15610088199323255,
      "wins": 950,
      "winRate": 95,
      "maxLoss": -0.06382475887667698,
      "sharpe": 1.6368774848966163
    }
  },
  "full": {
    "standard": {
      "n": 1000,
      "avg": 0.10355722590142827,
      "std": 0.04851362332792593,
      "min": -0.029529091014720347,
      "max": 0.28170789687642595,
      "p5": 0.02280731263352703,
      "p25": 0.06938277683987697,
      "p50": 0.10372962519752942,
      "p75": 0.1372023760974073,
      "p95": 0.18280281963708167,
      "wins": 986,
      "winRate": 98.6,
      "maxLoss": -0.029529091014720347,
      "sharpe": 2.134600938821602
    },
    "Standard": {
      "n": 500,
      "avg": 0.10973144933172327,
      "std": 0.047953028312827176,
      "min": -0.014123881023087547,
      "max": 0.25249808067546464,
      "p5": 0.03363123574849369,
      "p25": 0.07776343119873713,
      "p50": 0.11047489609862361,
      "p75": 0.14169066856845336,
      "p95": 0.194402223310999,
      "wins": 493,
      "winRate": 98.6,
      "maxLoss": -0.014123881023087547,
      "sharpe": 2.2883111493163133
    },
    "Early Resolution": {
      "n": 500,
      "avg": 0.08291835457791033,
      "std": 0.04332671389931769,
      "min": -0.025593832986295664,
      "max": 0.2705788844483986,
      "p5": 0.018735134936302966,
      "p25": 0.05341341135322169,
      "p50": 0.08300790332131248,
      "p75": 0.11056467694777472,
      "p95": 0.15615322948854632,
      "wins": 490,
      "winRate": 98,
      "maxLoss": -0.025593832986295664,
      "sharpe": 1.9137928339221713
    },
    "Contested": {
      "n": 500,
      "avg": 0.08391751880624432,
      "std": 0.049768633901770484,
      "min": -0.037497833415327614,
      "max": 0.2525699726153891,
      "p5": 0.005463172693269579,
      "p25": 0.048406112261582514,
      "p50": 0.0854470239992289,
      "p75": 0.11545917843715148,
      "p95": 0.1647509080159436,
      "wins": 481,
      "winRate": 96.2,
      "maxLoss": -0.037497833415327614,
      "sharpe": 1.6861527477702982
    },
    "Blowout": {
      "n": 500,
      "avg": 0.13200770114891916,
      "std": 0.04883385783357568,
      "min": -0.0189668933654073,
      "max": 0.29774656719476117,
      "p5": 0.05355310271810337,
      "p25": 0.09884464498750965,
      "p50": 0.13199460764673276,
      "p75": 0.16466134051546194,
      "p95": 0.21284613475968334,
      "wins": 499,
      "winRate": 99.8,
      "maxLoss": -0.0189668933654073,
      "sharpe": 2.703200341017444
    },
    "Low Volume": {
      "n": 500,
      "avg": 0.04161974262064036,
      "std": 0.028625336408011813,
      "min": -0.05222060917666605,
      "max": 0.14726680622066615,
      "p5": -0.005159109661986141,
      "p25": 0.022223171822361498,
      "p50": 0.04084098110599333,
      "p75": 0.061431635717680254,
      "p95": 0.0860649050184227,
      "wins": 468,
      "winRate": 93.60000000000001,
      "maxLoss": -0.05222060917666605,
      "sharpe": 1.4539477205581977
    }
  }
}